Date,Open,High,Low,Close,Volume,Daily_return,MA30,Price_Change
2015-02-17,127.489998,128.880005,126.919998,127.830002,63152400,,,0.3400039999999933
2015-02-18,127.629997,128.779999,127.449997,128.720001,44891700,0.006962363968358476,,1.0900039999999933
2015-02-19,128.479996,129.029999,128.330002,128.449997,37362400,-0.0020976071931509965,,-0.02999900000000366
2015-02-20,128.619995,129.5,128.050003,129.5,48948400,0.008174410467288729,,0.8800050000000113
2015-02-23,130.020004,133.0,129.660004,133.0,70974100,0.027027027027026973,,2.979996
2015-02-24,132.940002,133.600006,131.169998,132.169998,69228100,-0.006240616541353439,,-0.7700040000000001
2015-02-25,131.559998,131.600006,128.149994,128.789993,74711700,-0.02557316373720442,,-2.7700049999999976
2015-02-26,128.789993,130.869995,126.610001,130.419998,91287500,0.01265630164293885,,1.6300049999999828
2015-02-27,130.0,130.570007,128.240005,128.460007,62014800,-0.015028301104559105,,-1.5399930000000097
2015-03-02,129.25,130.279999,128.300003,129.089996,48096700,0.004904164453299664,,-0.1600039999999865
2015-03-03,128.960007,129.520004,128.089996,129.360001,37816300,0.002091602822576588,,0.39999400000002083
2015-03-04,129.100006,129.559998,128.320007,128.539993,31666300,-0.006338960989958564,,-0.5600129999999979
2015-03-05,128.580002,128.75,125.760002,126.410004,56517100,-0.016570632612373126,,-2.1699980000000068
2015-03-06,128.399994,129.369995,126.260002,126.599998,72842100,0.0015029981329641728,,-1.799995999999993
2015-03-09,127.959999,129.570007,125.059998,127.139999,88528500,0.004265410809880077,,-0.8199999999999932
2015-03-10,126.410004,127.220001,123.800003,124.510002,68856600,-0.0206858346758364,,-1.9000020000000006
2015-03-11,124.75,124.769997,122.110001,122.239998,68939000,-0.018231499185101585,,-2.510002
2015-03-12,122.309998,124.900002,121.629997,124.449997,48362700,0.018079180596845212,,2.139999000000003
2015-03-13,124.400002,125.400002,122.580002,123.589996,51827300,-0.006910413987394448,,-0.8100060000000013
2015-03-16,123.879997,124.949997,122.870003,124.949997,35874300,0.011004134994874404,,1.0699999999999932
2015-03-17,125.900002,127.32,125.650002,127.040001,51023100,0.016726723090677575,,1.139999000000003
2015-03-18,127.0,129.160004,126.370003,128.470001,65270900,0.011256297140614713,,1.4700009999999963
2015-03-19,128.75,129.25,127.400002,127.5,45809500,-0.007550408596945446,,-1.25
2015-03-20,128.25,128.399994,125.160004,125.900002,68695100,-0.012549003921568658,,-2.3499979999999994
2015-03-23,127.120003,127.849998,126.519997,127.209999,37709700,0.010405059405797168,,0.0899959999999993
2015-03-24,127.230003,128.039993,126.559998,126.690002,32842300,-0.004087705401208175,,-0.5400009999999895
2015-03-25,126.540001,126.82,123.379997,123.379997,51655200,-0.026126805175991752,,-3.1600040000000007
2015-03-26,122.760002,124.879997,122.599998,124.239998,47572900,0.006970343823237357,,1.4799959999999999
2015-03-27,124.57,124.699997,122.910004,123.25,39546200,-0.007968432195242015,,-1.3199999999999932
2015-03-30,124.050003,126.400002,124.0,126.370003,47099700,0.025314425963488763,127.14233266666666,2.319999999999993
2015-03-31,126.089996,126.489998,124.360001,124.43,42090600,-0.015351768251520848,127.02899926666666,-1.6599959999999925
2015-04-01,124.82,125.120003,123.099998,124.25,40621400,-0.001446596479948603,126.87999923333334,-0.5699999999999932
2015-04-02,125.029999,125.559998,124.190002,125.32,32220100,0.008611670020120643,126.775666,0.2900009999999895
2015-04-06,124.470001,127.510002,124.330002,127.349998,37194000,0.016198515799553226,126.70399926666667,2.879997000000003
2015-04-07,127.639999,128.119995,125.980003,126.010002,35012300,-0.010522151716091943,126.47099933333334,-1.629997000000003
2015-04-08,125.849998,126.400002,124.970001,125.599998,37329200,-0.0032537417148839065,126.25199933333333,-0.25
2015-04-09,125.849998,126.580002,124.660004,126.559998,32484000,0.0076433122236194695,126.17766616666667,0.7099999999999937
2015-04-10,125.949997,127.209999,125.260002,127.099998,40188000,0.004266751015593373,126.06699950000001,1.1500010000000032
2015-04-13,128.369995,128.570007,126.610001,126.849998,36365100,-0.001966955184373842,126.01333253333333,-1.5199969999999894
2015-04-14,127.0,127.290001,125.910004,126.300003,25524600,-0.004335790371868931,125.92033276666668,-0.6999969999999962
2015-04-15,126.410004,127.129997,126.010002,126.779999,28970400,0.0038004432984850567,125.8343327,0.36999500000000296
2015-04-16,126.279999,127.099998,126.110001,126.169998,28369000,-0.004811492386902372,125.75533286666665,-0.1100009999999969
2015-04-17,125.550003,126.139999,124.459999,124.75,51957000,-0.011254640742722422,125.6999994,-0.8000030000000038
2015-04-20,125.57,128.119995,125.169998,127.599998,47054300,0.022845675350701367,125.73333273333333,2.029998000000006
2015-04-21,128.100006,128.199997,126.669998,126.910004,32435100,-0.005407476573784931,125.72566623333333,-1.1900020000000069
2015-04-22,126.989998,128.869995,126.32,128.619995,37654500,0.013474044173853894,125.86266599999999,1.6299969999999888
2015-04-23,128.300003,130.419998,128.139999,129.669998,45770900,0.00816360628843138,126.11033266666666,1.3699949999999887
2015-04-24,130.490005,130.630005,129.229996,130.279999,44525900,0.004704257032532855,126.30466606666667,-0.2100059999999928
2015-04-27,132.309998,133.130005,131.149994,132.649994,96954200,0.01819154911108023,126.60666599999999,0.3399959999999851
2015-04-28,134.460007,134.539993,129.570007,130.559998,118924000,-0.015755718767691662,126.79366603333332,-3.900008999999983
2015-04-29,130.160004,131.589996,128.300003,128.639999,63386100,-0.014705874918901407,126.84699930000001,-1.5200049999999976
2015-04-30,128.639999,128.639999,124.580002,125.150002,83195400,-0.02712995201438073,126.73633266666666,-3.4899969999999882
2015-05-01,126.099998,130.130005,125.300003,128.949997,58512600,0.030363523286240035,126.7846659,2.849998999999997
2015-05-04,129.5,130.570007,128.259995,128.699997,50988300,-0.0019387359892687472,126.87799906666666,-0.8000030000000038
2015-05-05,128.149994,128.449997,125.779999,125.800003,49271400,-0.022532976438220054,126.8309992,-2.3499909999999886
2015-05-06,126.559998,126.75,123.360001,125.010002,72141000,-0.006279817020354184,126.7749992,-1.549995999999993
2015-05-07,124.769997,126.080002,124.019997,125.260002,43940900,0.001999839980804108,126.83766603333333,0.49000499999999647
2015-05-08,126.68,127.620003,126.110001,127.620003,55550400,0.018840818795452297,126.95033286666667,0.9400029999999902
2015-05-11,127.389999,127.559998,125.629997,126.32,42035800,-0.010186514413418446,127.05266619999999,-1.06999900000001
2015-05-12,125.599998,126.879997,124.82,125.870003,48160000,-0.003562357504749758,127.03599953333332,0.2700049999999976
2015-05-13,126.150002,127.190002,125.870003,126.010002,34694200,0.0011122507083756172,127.08866626666666,-0.14000000000000057
2015-05-14,127.410004,128.949997,127.160004,128.949997,45203500,0.023331441578740675,127.24533283333334,1.5399929999999955
2015-05-15,129.070007,129.490005,128.210007,128.770004,38208000,-0.0013958356276657646,127.36033296666666,-0.3000030000000038
2015-05-18,128.380005,130.720001,128.360001,130.190002,50882900,0.011027397343250867,127.45499976666665,1.8099969999999814
2015-05-19,130.690002,130.880005,129.639999,130.070007,44633200,-0.0009216913599862098,127.59033326666666,-0.6199949999999887
2015-05-20,130.0,130.979996,129.339996,130.059998,36454900,-7.695086846570831e-05,127.73899993333335,0.05999800000000732
2015-05-21,130.070007,131.630005,129.830002,131.389999,39730400,0.010226057361618413,127.89999996666666,1.319991999999985
2015-05-22,131.600006,132.970001,131.399994,132.539993,45596000,0.008752523089676112,128.08133313333332,0.9399870000000021
2015-05-26,132.600006,132.910004,129.119995,129.619995,70697600,-0.0220310710292555,128.17366636666668,-2.980011000000019
2015-05-27,130.339996,132.259995,130.050003,132.039993,45833200,0.018669943630224894,128.36499936666667,1.6999969999999962
2015-05-28,131.860001,131.949997,131.100006,131.779999,30733300,-0.0019690549362570975,128.53166603333332,-0.08000200000000746
2015-05-29,131.229996,131.449997,129.899994,130.279999,50884500,-0.01138260746230546,128.66866606666667,-0.9499969999999962
2015-06-01,130.279999,131.389999,130.050003,130.539993,32112800,0.001995655526524809,128.86166583333335,0.25999400000000605
2015-06-02,129.860001,130.660004,129.320007,129.960007,33667600,-0.00444297557147888,128.9403328,0.10000599999997917
2015-06-03,130.660004,130.940002,129.899994,130.119995,30889400,0.0012310556431409658,129.0473325,-0.5400089999999977
2015-06-04,129.580002,130.580002,128.910004,129.360001,38450100,-0.005840716486347652,129.0719993666667,-0.22000099999999634
2015-06-05,129.5,129.690002,128.360001,128.649994,35626800,-0.0054886131301129515,129.03799923333332,-0.8500060000000076
2015-06-08,128.899994,129.210007,126.830002,127.800003,52674800,-0.006607003806000877,128.95533269999999,-1.0999909999999886
2015-06-09,126.699997,128.080002,125.620003,127.419998,56075400,-0.002973434984974155,128.7809995,0.7200010000000105
2015-06-10,127.919998,129.339996,127.849998,128.880005,39087300,0.01145822494833193,128.72499973333333,0.9600070000000045
2015-06-11,129.179993,130.179993,128.479996,128.589996,35390900,-0.0022502249282190245,128.72333296666665,-0.5899969999999826
2015-06-12,128.190002,128.330002,127.110001,127.169998,36886200,-0.01104283415639895,128.79066616666668,-1.020003999999986
2015-06-15,126.099998,127.239998,125.709999,126.919998,43988900,-0.0019658724851123743,128.72299953333334,0.8200000000000074
2015-06-16,127.029999,127.849998,126.370003,127.599998,31494100,0.00535770572577543,128.6863329,0.5699989999999957
2015-06-17,127.720001,127.879997,126.739998,127.300003,32918100,-0.002351058030580777,128.7363329,-0.41999799999999254
2015-06-18,127.230003,128.309998,127.220001,127.879997,35407200,0.004556119295613836,128.8319994,0.6499940000000066
2015-06-19,127.709999,127.82,126.400002,126.599998,54716900,-0.010009376212293808,128.87666593333333,-1.110000999999997
2015-06-22,127.489998,128.059998,127.080002,127.610001,34039300,0.007977906919082178,128.87633253333334,0.12000299999999697
2015-06-23,127.480003,127.610001,126.879997,127.029999,30268900,-0.004545113983660198,128.89999916666667,-0.45000399999999274
2015-06-24,127.209999,129.800003,127.120003,128.110001,55280900,0.00850194448950603,128.97466576666665,0.9000020000000148
2015-06-25,128.860001,129.199997,127.5,127.5,31938100,-0.004761540826153099,129.02433236666667,-1.3600010000000111
2015-06-26,127.669998,127.989998,126.510002,126.75,44066800,-0.00588235294117645,128.95099913333334,-0.9199980000000068
2015-06-29,125.459999,126.470001,124.480003,124.529999,49161400,-0.01751480078895462,128.80966563333334,-0.9299999999999926
2015-06-30,125.57,126.120003,124.860001,125.43,44370700,0.007227182263126908,128.6509989,-0.13999999999998636
2015-07-01,126.900002,126.940002,125.989998,126.599998,30238800,0.009327896037630401,128.53533193333334,-0.30000400000000127
2015-07-02,126.43,126.690002,125.769997,126.440002,27211000,-0.0012637914891593383,128.4146654,0.010002000000000066
2015-07-06,124.940002,126.230003,124.849998,126.0,28060400,-0.0034799271831711387,128.23499876666668,1.0599979999999931
2015-07-07,125.889999,126.150002,123.769997,125.690002,46946800,-0.0024603015873014833,128.00666573333334,-0.1999969999999962
2015-07-08,124.480003,124.639999,122.540001,122.57,60761600,-0.024822992683220857,127.7716659,-1.9100030000000032
2015-07-09,123.849998,124.059998,119.220001,120.07,77821600,-0.02039650811781024,127.37266613333333,-3.779998000000006
2015-07-10,121.940002,123.849998,121.209999,123.279999,61354500,0.02673439660198218,127.08933280000001,1.3399969999999968
2015-07-13,125.029999,125.760002,124.32,125.660004,41440500,0.01930568639929975,126.93533296666666,0.630004999999997
2015-07-14,126.040001,126.370003,125.040001,125.610001,31768100,-0.000397922954069041,126.7709999,-0.4300000000000068
2015-07-15,125.720001,127.150002,125.580002,126.82,33649200,0.009632982966061743,126.666333,1.0999989999999968
2015-07-16,127.739998,128.570007,127.349998,128.509995,36222400,0.013325934395205907,126.61266633333334,0.7699970000000036
2015-07-17,129.080002,129.619995,128.309998,129.619995,46164700,0.00863746045589675,126.62133279999999,0.5399929999999813
2015-07-20,130.970001,132.970001,130.699997,132.070007,58900200,0.018901497411722756,126.73533323333332,1.1000060000000076
2015-07-21,132.850006,132.919998,130.320007,130.75,76756400,-0.009994752252871497,126.83366646666667,-2.1000060000000076
2015-07-22,121.989998,125.5,121.989998,125.220001,115450600,-0.04229444741873811,126.76033323333333,3.2300029999999964
2015-07-23,126.199997,127.089996,125.059998,125.160004,50999500,-0.0004791327225751596,126.6363332,-1.0399929999999955
2015-07-24,125.32,125.739998,123.900002,124.5,42162300,-0.005273282030256232,126.5,-0.8199999999999932
2015-07-27,123.089996,123.610001,122.120003,122.769997,44455500,-0.013895606425702756,126.3533333,-0.3199989999999957
2015-07-28,123.379997,123.910004,122.550003,123.379997,33618100,0.004968640668778335,126.23533326666667,0.0
2015-07-29,123.150002,123.5,122.269997,122.989998,37011700,-0.00316095809274497,126.0816666,-0.1600040000000007
2015-07-30,122.32,122.57,121.709999,122.370003,33628300,-0.005041019677063496,125.91733326666667,0.050003000000003794
2015-07-31,122.599998,122.639999,120.910004,121.300003,42885000,-0.008743972981679171,125.69800013333334,-1.2999949999999956
2015-08-03,121.5,122.57,117.519997,118.440002,69976000,-0.023577913679029283,125.42600026666666,-3.059997999999993
2015-08-04,117.419998,117.699997,113.25,114.639999,124138600,-0.032083780275518725,124.99366686666666,-2.7799990000000037
2015-08-05,112.949997,117.440002,112.099998,115.400002,99312600,0.0066294749357072025,124.6060003,2.4500050000000044
2015-08-06,115.970001,116.5,114.120003,115.129997,52903000,-0.0023397313286007693,124.1733335,-0.8400039999999933
2015-08-07,114.580002,116.25,114.5,115.519997,38670400,0.003387475116498173,123.77400006666667,0.9399950000000104
2015-08-10,116.529999,119.989998,116.529999,119.720001,54951600,0.03635737629044433,123.53966676666667,3.1900019999999927
2015-08-11,117.809998,118.18,113.330002,113.489998,97082800,-0.05203811349784404,123.17166673333334,-4.319999999999993
2015-08-12,112.529999,115.419998,109.629997,115.239998,101217500,0.015419861052424988,122.83200000000001,2.7099989999999963
2015-08-13,116.040001,116.400002,114.540001,115.150002,48535800,-0.0007809441301794839,122.45033346666668,-0.8899990000000031
2015-08-14,114.32,116.309998,114.010002,115.959999,42929500,0.007034276907784909,122.10100003333334,1.639999000000003
2015-08-17,116.040001,117.650002,115.5,117.160004,40884700,0.01034843920617834,121.8063335,1.120002999999997
2015-08-18,116.43,117.440002,116.010002,116.5,34560700,-0.005633355901899728,121.50000010000001,0.06999999999999318
2015-08-19,116.099998,116.519997,114.68,115.010002,47445700,-0.012789682403433478,121.24800016666667,-1.0899959999999993
2015-08-20,114.080002,114.349998,111.629997,112.650002,68501600,-0.020519954429702558,121.00066689999998,-1.4299999999999926
2015-08-21,110.43,111.900002,105.650002,105.760002,128275500,-0.06116289283332632,120.41666699999999,-4.669998000000007
2015-08-24,94.870003,108.800003,92.0,103.120003,162206300,-0.024962168589974132,119.66533363333333,8.25
2015-08-25,111.110001,111.110001,103.5,103.739998,103601600,0.006012364060928199,118.93633353333333,-7.370002999999997
2015-08-26,107.089996,109.889999,105.050003,109.690002,96774600,0.057354965439656125,118.3653336,2.6000060000000076
2015-08-27,112.230003,113.239998,110.019997,112.919998,84616100,0.029446585295896055,117.84566703333333,0.6899950000000104
2015-08-28,112.169998,113.309998,111.540001,113.290001,53164400,0.0032766826651908776,117.30133389999999,1.120002999999997
2015-08-31,112.029999,114.529999,112.0,112.760002,56229300,-0.004678250466252587,116.65766706666666,0.7300029999999964
2015-09-01,110.150002,111.879997,107.360001,107.720001,76845900,-0.044696709033403614,115.89000043333334,-2.4300010000000043
2015-09-02,110.230003,112.339996,109.129997,112.339996,61888800,0.04288892459256477,115.46066693333334,2.109993000000003
2015-09-03,112.489998,112.779999,110.040001,110.370003,53233900,-0.01753598958646929,114.96766690000001,-2.119995000000003
2015-09-04,108.970001,110.449997,108.510002,109.269997,49996300,-0.00996653048926699,114.46000013333334,0.29999600000000726
2015-09-08,111.75,112.559998,110.32,112.309998,54843600,0.02782100378386576,114.1113335,0.5599979999999931
2015-09-09,113.760002,114.019997,109.769997,110.150002,85010800,-0.019232446251134183,113.67033366666666,-3.6099999999999994
2015-09-10,110.269997,113.279999,109.900002,112.57,62892800,0.021970022297412184,113.3230004,2.3000029999999896
2015-09-11,111.790001,114.209999,111.760002,114.209999,49915500,0.014568703917562376,113.05100026666666,2.4199979999999925
2015-09-14,116.580002,116.889999,114.860001,115.309998,58363400,0.009631372118302783,112.85133343333334,-1.2700040000000001
2015-09-15,115.93,116.529999,114.419998,116.279999,43341200,0.008412115313712887,112.77933333333333,0.34999899999999684
2015-09-16,116.25,116.540001,115.440002,116.410004,37173500,0.0011180340653424992,112.83833349999999,0.1600040000000007
2015-09-17,115.660004,116.489998,113.720001,113.919998,64112600,-0.02138996576273633,112.78900003333334,-1.740005999999994
2015-09-18,112.209999,114.300003,111.870003,113.449997,74285300,-0.004125711097712759,112.73300003333333,1.239998
2015-09-21,113.669998,115.370003,113.660004,115.209999,50222000,0.015513460084093156,112.72266676666666,1.5400009999999895
2015-09-22,113.379997,114.18,112.519997,113.400002,50346200,-0.01571041589888389,112.51200013333332,0.020004999999997608
2015-09-23,113.629997,114.720001,113.300003,114.32,35756700,0.008112856999773266,112.53966686666666,0.6900029999999902
2015-09-24,113.25,115.5,112.370003,115.0,50219500,0.005948215535339418,112.53166693333333,1.75
2015-09-25,116.440002,116.690002,114.019997,114.709999,56151900,-0.0025217478260869397,112.51700016666668,-1.7300030000000106
2015-09-28,113.849998,114.57,112.440002,112.440002,52109000,-0.019789007233798284,112.39966693333332,-1.4099959999999925
2015-09-29,112.830002,113.510002,107.860001,109.059998,73365400,-0.030060511738518203,112.12966673333334,-3.770004
2015-09-30,110.169998,111.540001,108.730003,110.300003,66473000,0.011369934189802589,111.92300016666667,0.13000499999999704
2015-10-01,109.07,109.620003,107.309998,109.580002,63929100,-0.006527660747207897,111.74200016666667,0.5100020000000001
2015-10-02,108.010002,111.010002,107.550003,110.379997,58019800,0.007300556537679359,111.66633333333334,2.369995000000003
2015-10-05,109.879997,111.370003,109.07,110.779999,52064700,0.003623863117155235,111.83366656666666,0.9000020000000006
2015-10-06,110.629997,111.739998,109.769997,111.309998,48196800,0.00478424810240341,112.10666640000001,0.6800009999999901
2015-10-07,111.739998,111.769997,109.410004,110.779999,46765600,-0.0047614680578826896,112.3413331,-0.9599989999999963
2015-10-08,110.190002,110.190002,108.209999,109.5,61979600,-0.011554423285380255,112.3349997,-0.6900020000000069
2015-10-09,110.0,112.279999,109.489998,112.120003,52766100,0.023926968036529717,112.3083332,2.120002999999997
2015-10-12,112.730003,112.75,111.440002,111.599998,30467200,-0.004637932448146587,112.25199976666667,-1.130004999999997
2015-10-13,110.82,112.449997,110.68,111.790001,33049300,0.001702535872805333,112.2196664,0.9700010000000105
2015-10-14,111.290001,111.519997,109.559998,110.209999,44462400,-0.014133661202847758,112.30266633333333,-1.0800020000000075
2015-10-15,110.93,112.099998,110.489998,111.860001,37673500,0.014971436484633394,112.2866665,0.9300009999999901
2015-10-16,111.779999,112.0,110.529999,111.040001,39232600,-0.007330591745658865,112.30899976666666,-0.7399979999999999
2015-10-19,110.800003,111.75,110.110001,111.730003,29759200,0.006213994900810427,112.39099996666667,0.9299999999999926
2015-10-20,111.339996,114.169998,110.82,113.769997,48778800,0.01825824707084278,112.4396666,2.4300010000000043
2015-10-21,114.0,115.580002,113.699997,113.760002,41795200,-8.785268755873155e-05,112.55999993333333,-0.23999799999999993
2015-10-22,114.330002,115.5,114.099998,115.5,41654100,0.015295340800011603,112.6576666,1.1699980000000068
2015-10-23,116.699997,119.230003,116.330002,119.080002,59366900,0.030995688311688196,112.82000003333334,2.380004999999997
2015-10-26,118.080002,118.129997,114.919998,115.279999,66333800,-0.03191134477810964,112.81900006666666,-2.8000029999999896
2015-10-27,115.400002,116.540001,113.989998,114.550003,69884400,-0.006332373406769398,112.76133353333333,-0.8499989999999968
2015-10-28,116.93,119.300003,116.059998,119.269997,85551400,0.04120466064064621,112.85666663333333,2.3399969999999968
2015-10-29,118.699997,120.690002,118.269997,120.529999,51227300,0.010564282985602746,113.077,1.8300020000000075
2015-10-30,120.989998,121.220001,119.449997,119.5,49365300,-0.00854558208367695,113.27866676666666,-1.489998
2015-11-02,120.800003,121.360001,119.610001,121.18,32203300,0.014058577405857697,113.4776668,0.379997000000003
2015-11-03,120.790001,123.489998,120.699997,122.57,45519000,0.011470539693018589,113.78333339999999,1.7799989999999895
2015-11-04,123.129997,123.82,121.620003,122.0,44886100,-0.004650403850860685,114.0393334,-1.129997000000003
2015-11-05,121.849998,122.690002,120.18,120.919998,39552700,-0.008852475409836025,114.23666666666666,-0.9299999999999926
2015-11-06,121.110001,121.809998,120.620003,121.059998,33042300,0.0011577902937112139,114.4483333,-0.050003000000003794
2015-11-09,120.959999,121.809998,120.050003,120.57,33871400,-0.0040475632586743915,114.71933323333333,-0.3899990000000031
2015-11-10,116.900002,118.07,116.059998,116.769997,59127900,-0.03151698598324615,114.9763332,-0.13000499999999704
2015-11-11,116.370003,117.419998,115.209999,116.110001,45218000,-0.005652102568778905,115.1699998,-0.26000200000000007
2015-11-12,116.260002,116.82,115.650002,115.720001,32525600,-0.003358883788141531,115.37466643333332,-0.5400010000000037
2015-11-13,115.199997,115.57,112.269997,112.339996,45812400,-0.02920847710673624,115.43999973333332,-2.860000999999997
2015-11-16,111.379997,114.239998,111.0,114.18,38106700,0.016378886109271518,115.55333309999999,2.800003000000004
2015-11-17,114.919998,115.050003,113.32,113.690002,27616900,-0.004291452093186154,115.63266656666666,-1.2299959999999999
2015-11-18,115.760002,117.489998,115.5,117.290001,46674700,0.031665044741577164,115.84966663333333,1.5299990000000037
2015-11-19,117.639999,119.75,116.760002,118.779999,43295800,0.012703538130245162,116.15899993333332,1.1400000000000006
2015-11-20,119.199997,119.919998,118.849998,119.300003,34287100,0.004377875099998985,116.39833326666667,0.10000600000000759
2015-11-23,119.269997,119.730003,117.339996,117.75,32482500,-0.012992480813265428,116.60333333333332,-1.5199970000000036
2015-11-24,117.330002,119.349998,117.120003,118.879997,42803200,0.009596577494692227,116.83966653333333,1.5499950000000098
2015-11-25,119.209999,119.230003,117.919998,118.029999,21388300,-0.007150050651498541,117.1003332,-1.1799999999999926
2015-11-27,118.290001,118.410004,117.599998,117.809998,13046400,-0.0018639413866301524,117.29866643333334,-0.4800030000000106
2015-11-30,117.989998,119.410004,117.75,118.300003,39180300,0.004159281965186112,117.5406665,0.31000500000000386
2015-12-01,118.75,118.809998,116.860001,117.339996,34852400,-0.008115020926922623,117.72766626666666,-1.4100040000000007
2015-12-02,117.339996,118.110001,116.080002,116.279999,33386600,-0.009033552378849508,117.811333,-1.0599969999999956
2015-12-03,116.550003,116.790001,114.220001,115.199997,41569500,-0.009287942976332508,117.85933283333334,-1.3500060000000076
2015-12-04,115.290001,119.25,115.110001,119.029999,57777000,0.03324654600468446,117.97699946666667,3.739998
2015-12-07,118.980003,119.860001,117.809998,118.279999,32084200,-0.006300932590951325,117.95033269999999,-0.7000039999999927
2015-12-08,117.519997,118.599998,116.860001,118.230003,34309500,-0.00042269192105770514,118.04866616666666,0.7100059999999928
2015-12-09,117.639999,117.690002,115.080002,115.620003,46361400,-0.022075614765906804,118.08433283333333,-2.019996000000006
2015-12-10,116.040001,116.940002,115.510002,116.169998,29104200,0.004756919094700329,117.98099953333332,0.12999700000000303
2015-12-11,115.190002,115.389999,112.849998,113.18,46886200,-0.02573812560451283,117.73599956666666,-2.010002
2015-12-14,112.18,112.68,109.790001,112.480003,64318700,-0.006184811804205825,117.50199966666668,0.3000029999999896
2015-12-15,111.940002,112.800003,110.349998,110.489998,53323100,-0.01769207811987694,117.14566626666668,-1.450004000000007
2015-12-16,111.07,111.989998,108.800003,111.339996,56238500,0.007692985929821372,116.7713328,0.2699960000000061
2015-12-17,112.019997,112.25,108.980003,108.980003,44772800,-0.021196273439779922,116.3373329,-3.039994000000007
2015-12-18,108.910004,109.519997,105.809998,106.029999,96453300,-0.027069222965611317,115.8409996,-2.880004999999997
2015-12-21,107.279999,107.370003,105.57,107.330002,47590600,0.012260709348870025,115.38333306666667,0.050002999999989584
2015-12-22,107.400002,107.720001,106.449997,107.230003,32789400,-0.0009316966191801335,114.9386665,-0.16999900000000423
2015-12-23,107.269997,108.849998,107.199997,108.610001,32657400,0.012869513768455354,114.66666663333334,1.3400039999999933
2015-12-24,109.0,109.0,107.949997,108.029999,13570400,-0.005340226449311869,114.39733323333333,-0.9700009999999963
2015-12-28,107.589996,107.690002,106.18,106.82,26704200,-0.011200583275021714,114.10066653333332,-0.7699960000000061
2015-12-29,106.959999,109.43,106.860001,108.739998,30931200,0.01797414341883541,113.98066659999999,1.7799990000000037
2015-12-30,108.580002,108.699997,107.18,107.32,25213800,-0.013058653909484241,113.75199993333332,-1.260002
2015-12-31,107.010002,107.029999,104.82,105.260002,40635300,-0.019194912411479637,113.47099993333333,-1.75
2016-01-04,102.610001,105.370003,102.0,105.349998,67649400,0.0008549876333843187,113.07299983333334,2.7399970000000025
2016-01-05,105.75,105.849998,102.410004,102.709999,55791000,-0.02505931703956943,112.53733316666666,-3.0400010000000037
2016-01-06,100.559998,102.370003,99.870003,100.699997,68457400,-0.019569681818417672,111.91733296666666,0.1399990000000031
2016-01-07,98.68,100.129997,96.43,96.449997,81094400,-0.04220456928116889,111.20733286666668,-2.2300030000000106
2016-01-08,98.550003,99.110001,96.760002,96.959999,70798000,0.005287734741971972,110.47666626666665,-1.5900040000000075
2016-01-11,98.970001,99.059998,97.339996,98.529999,49739400,0.01619224439142175,109.82666626666668,-0.4400019999999927
2016-01-12,100.550003,100.690002,98.839996,99.959999,49154200,0.014513346336276767,109.23166629999999,-0.5900040000000075
2016-01-13,100.32,101.190002,97.300003,97.389999,62439600,-0.0257102843708511,108.53466616666667,-2.93000099999999
2016-01-14,97.959999,100.480003,95.739998,99.519997,63170100,0.021870808315749057,107.9406662,1.5599980000000073
2016-01-15,96.199997,97.709999,95.360001,97.129997,79010000,-0.02401527403583026,107.3023328,0.9300000000000068
2016-01-19,98.410004,98.650002,95.5,96.660004,53087700,-0.00483880381464441,106.68433303333333,-1.75
2016-01-20,95.099998,98.190002,93.419998,96.790001,72334400,0.0013448892470562246,105.94299976666666,1.6900030000000044
2016-01-21,97.059998,97.879997,94.940002,96.300003,52161500,-0.00506248574168322,105.21033323333334,-0.7599949999999893
2016-01-22,98.629997,101.459999,98.370003,101.419998,65800500,0.05316713230008929,104.64999973333333,2.7900010000000037
2016-01-25,101.519997,101.529999,99.209999,99.440002,51794500,-0.019522737517703392,104.11066636666666,-2.0799949999999967
2016-01-26,99.93,100.879997,98.07,99.989998,75077000,0.005530933114824332,103.57133303333332,0.05999799999999311
2016-01-27,96.040001,96.629997,93.339996,93.419998,133369700,-0.06570657197132845,102.9126663,-2.620002999999997
2016-01-28,93.790001,94.519997,92.389999,94.089996,55678800,0.007171890541038062,102.29966606666666,0.29999499999999557
2016-01-29,94.790001,97.339996,94.349998,97.339996,64416500,0.03454139800367306,101.86133266666666,2.5499949999999956
2016-02-01,96.470001,96.709999,95.400002,96.43,40943500,-0.009348634039393122,101.3643328,-0.04000099999998952
2016-02-02,95.419998,96.040001,94.279999,94.480003,37357200,-0.020221891527533065,100.88099946666667,-0.9399950000000104
2016-02-03,95.0,96.839996,94.080002,96.349998,45964300,0.019792495137833654,100.55833276666667,1.3499979999999994
2016-02-04,95.860001,97.330002,95.190002,96.599998,46471700,0.0025947068519918126,100.20066596666668,0.7399970000000025
2016-02-05,96.519997,96.919998,93.690002,94.019997,46418100,-0.026708085439090756,99.76033243333333,-2.5
2016-02-08,93.129997,95.699997,93.040001,95.010002,54021400,0.010529728053490617,99.30699913333333,1.880004999999997
2016-02-09,94.290001,95.940002,93.93,94.989998,44331200,-0.00021054625385652503,98.87233243333334,0.6999969999999962
2016-02-10,95.919998,96.349998,94.099998,94.269997,42343600,-0.007579755923355136,98.453999,-1.6500010000000032
2016-02-11,93.790001,94.720001,92.589996,93.699997,50074700,-0.006046462481589021,97.95266563333332,-0.09000400000000752
2016-02-12,94.190002,94.5,93.010002,93.989998,40351400,0.0030949947629135277,97.50833223333333,-0.20000400000000695
2016-02-16,95.019997,96.849998,94.610001,96.639999,49057900,0.0281945000147783,97.2209988,1.6200019999999995
2016-02-17,96.669998,98.209999,96.150002,98.120003,44863200,0.015314611085623042,96.97999896666667,1.4500049999999902
2016-02-18,98.839996,98.889999,96.089996,96.260002,39021000,-0.018956389554941167,96.76499906666666,-2.5799939999999992
2016-02-19,96.0,96.760002,95.800003,96.040001,35374200,-0.0022854871746210703,96.60966586666667,0.04000100000000373
2016-02-22,96.309998,96.900002,95.919998,96.879997,34280800,0.008746313944749007,96.6239992,0.5699990000000099
2016-02-23,96.400002,96.5,94.550003,94.690002,31942600,-0.022605233978279293,96.54833263333333,-1.7099999999999937
2016-02-24,93.980003,96.379997,93.32,96.099998,36255700,0.01489065339759943,96.46733259999999,2.119995000000003
2016-02-25,96.050003,96.760002,95.25,96.760002,27582700,0.006867887759997693,96.36066603333333,0.7099989999999963
2016-02-26,97.199997,98.019997,96.580002,96.910004,28991100,0.0015502480043354527,96.34466620000002,-0.2899929999999955
2016-02-29,96.860001,98.230003,96.650002,96.690002,35216300,-0.002270168103594261,96.25033303333333,-0.16999899999999002
2016-03-01,97.650002,100.769997,97.419998,100.529999,50407100,0.03971451981146923,96.36366643333332,2.879997000000003
2016-03-02,100.510002,100.889999,99.639999,100.75,33169600,0.002188411441245375,96.49999963333333,0.23999799999999993
2016-03-03,100.580002,101.709999,100.449997,101.5,36955700,0.007444168734491274,96.6569996,0.9199980000000068
2016-03-04,102.370003,103.75,101.370003,103.010002,46055100,0.014876866995073845,96.88066623333333,0.6399990000000031
2016-03-07,102.389999,102.830002,100.959999,101.870003,35828900,-0.011066876787362845,96.8956664,-0.5199960000000061
2016-03-08,100.779999,101.760002,100.400002,101.029999,31561900,-0.008245842497913713,96.9486663,0.25
2016-03-09,101.309998,101.580002,100.269997,101.120003,27201700,0.0008908641085900726,96.98633313333333,-0.18999499999999614
2016-03-10,101.410004,102.239998,100.150002,101.169998,33513600,0.0004944125644459341,97.24466646666666,-0.24000599999999395
2016-03-11,102.239998,102.279999,101.5,102.260002,27408200,0.010773984595709774,97.517,0.020004000000000133
2016-03-14,101.910004,102.910004,101.779999,102.519997,25076100,0.0025424896823296184,97.6896667,0.6099930000000029
2016-03-15,103.959999,105.18,103.849998,104.580002,40067700,0.02009368962427871,97.96133343333332,0.620002999999997
2016-03-16,104.610001,106.309998,104.589996,105.970001,38303500,0.013291250462970972,98.34433336666667,1.3599999999999994
2016-03-17,105.519997,106.470001,104.959999,105.800003,34420700,-0.0016042087231837865,98.65933353333334,0.2800060000000002
2016-03-18,106.339996,106.5,105.190002,105.919998,44205200,0.0011341682098062744,98.97000019999999,-0.41999799999999254
2016-03-21,105.93,107.650002,105.139999,105.910004,35502700,-9.435423138892673e-05,99.36633376666667,-0.01999600000000612
2016-03-22,105.25,107.290001,105.209999,106.720001,32444400,0.007647974406647995,99.75666706666667,1.4700009999999963
2016-03-23,106.480003,107.07,105.900002,106.129997,25703500,-0.005528523186576706,100.12800036666665,-0.3500059999999934
2016-03-24,105.470001,106.25,104.889999,105.669998,26133000,-0.00433429768211524,100.5080004,0.19999700000001042
2016-03-28,106.0,106.190002,105.059998,105.190002,19411400,-0.004542405688320317,100.89100056666666,-0.8099979999999931
2016-03-29,104.889999,107.790001,104.879997,107.68,31190100,0.023671432195618847,101.34733396666667,2.7900010000000037
2016-03-30,108.650002,110.419998,108.599998,109.559998,45601100,0.01745911961366997,101.7780006,0.9099959999999925
2016-03-31,109.720001,109.900002,108.879997,108.989998,25888400,-0.005202628791577735,102.14033376666666,-0.7300029999999964
2016-04-01,108.779999,110.0,108.199997,109.989998,25874000,0.009175153852191142,102.5980003,1.2099989999999963
2016-04-04,110.419998,112.190002,110.269997,111.120003,37356200,0.010273706887420797,103.10066703333334,0.7000049999999902
2016-04-05,109.510002,110.730003,109.419998,109.809998,26578700,-0.011789101553570047,103.53166706666667,0.29999599999999305
2016-04-06,110.230003,110.980003,109.199997,110.959999,26404100,0.010472643847967422,104.0740003,0.7299959999999999
2016-04-07,109.949997,110.419998,108.120003,108.540001,31801900,-0.021809643311189952,104.48866706666668,-1.4099959999999925
2016-04-08,108.910004,109.769997,108.169998,108.660004,23581700,0.0011056108245290908,104.8853338,-0.25
2016-04-11,108.970001,110.610001,108.830002,109.019997,29407500,0.0033130221493458123,105.28900023333333,0.04999600000000726
2016-04-12,109.339996,110.5,108.660004,110.440002,27232300,0.013025179224688488,105.74733356666667,1.1000060000000076
2016-04-13,110.800003,112.339996,110.800003,112.040001,33257300,0.014487495210295132,106.13100030000001,1.239998
2016-04-14,111.620003,112.389999,111.330002,112.099998,25473900,0.0005354962465593527,106.50933356666668,0.4799950000000024
2016-04-15,112.110001,112.300003,109.730003,109.849998,46939000,-0.020071365210907466,106.78766683333333,-2.2600029999999975
2016-04-18,108.889999,108.949997,106.940002,107.480003,60834000,-0.021574829705504395,106.93666686666667,-1.4099960000000067
2016-04-19,107.879997,108.0,106.230003,106.910004,32384900,-0.005303302792055153,107.1046669,-0.9699930000000023
2016-04-20,106.639999,108.089996,106.059998,107.129997,30611000,0.0020577400782813005,107.30800016666666,0.48999799999999993
2016-04-21,106.93,106.93,105.519997,105.970001,31552500,-0.010827928987994007,107.46966676666666,-0.9599990000000105
2016-04-22,105.010002,106.480003,104.620003,105.68,33683100,-0.002736632983517562,107.62000016666667,0.6699980000000068
2016-04-25,105.0,105.650002,104.510002,105.080002,28031600,-0.005677498107494405,107.71400016666666,0.08000199999999325
2016-04-26,103.910004,105.300003,103.910004,104.349998,56016200,-0.006947125867013182,107.77500020000001,0.43999399999999866
2016-04-27,96.0,98.709999,95.68,97.82,114602100,-0.06257784499430474,107.5496668,1.8199999999999932
2016-04-28,97.610001,97.879997,94.25,94.830002,82242700,-0.03056632590472297,107.1783335,-2.7799990000000037
2016-04-29,93.989998,94.720001,92.510002,93.739998,68531500,-0.011494294811888683,106.77633333333333,-0.25
2016-05-02,93.970001,94.080002,92.400002,93.639999,48160100,-0.0010667698115376378,106.36700003333334,-0.33000199999999325
2016-05-03,94.199997,95.739998,93.68,95.18,56831300,0.016445974118389328,106.00933323333332,0.9800030000000106
2016-05-04,95.199997,95.900002,93.82,94.190002,41025500,-0.010401323807522567,105.59166660000001,-1.0099949999999893
2016-05-05,94.0,94.07,92.68,93.239998,35890500,-0.010086038643464579,105.16199996666667,-0.7600020000000001
2016-05-06,93.370003,93.449997,91.849998,92.720001,43458200,-0.005576973521599693,104.7303334,-0.6500020000000006
2016-05-09,93.0,93.769997,92.589996,92.790001,32936400,0.0007549611652830635,104.31700003333334,-0.20999899999999627
2016-05-10,93.330002,93.57,92.110001,93.419998,33686800,0.006789492329027924,103.84166663333332,0.08999600000001351
2016-05-11,93.480003,93.57,92.459999,92.510002,28719100,-0.009740912218816455,103.27333343333333,-0.9700009999999963
2016-05-12,92.720001,92.779999,89.470001,90.339996,76314700,-0.02345698792655959,102.6516667,-2.380004999999997
2016-05-13,90.0,91.669998,90.0,90.519997,44392800,0.0019924840377456565,102.00266666666667,0.5199970000000036
2016-05-16,92.389999,94.389999,91.650002,93.879997,61259800,0.03711886998847347,101.4279998,1.489998
2016-05-17,94.550003,94.699997,93.010002,93.489998,46916900,-0.0041542289354781214,100.8839998,-1.0600050000000039
2016-05-18,94.160004,95.209999,93.889999,94.559998,42062400,0.011445074584342185,100.33733310000001,0.3999939999999924
2016-05-19,94.639999,94.639999,93.57,94.199997,30442100,-0.003807117254803649,99.85933296666666,-0.4400020000000069
2016-05-20,94.639999,95.43,94.519997,95.220001,32026000,0.010828068285394954,99.41133286666667,0.5800019999999932
2016-05-23,95.870003,97.190002,95.669998,96.43,38018600,0.012707403773289272,98.99166629999999,0.5599970000000098
2016-05-24,97.220001,98.089996,96.839996,97.900002,35140200,0.015244239344602173,98.5736663,0.6800010000000043
2016-05-25,98.669998,99.739998,98.110001,99.620003,38168800,0.017568957761614712,98.15966636666667,0.9500049999999902
2016-05-26,99.68,100.730003,98.639999,100.410004,56331200,0.007930144310475562,97.76999989999999,0.7300039999999939
2016-05-27,99.440002,100.470001,99.25,100.349998,36229500,-0.0005976097760139742,97.45333323333332,0.9099959999999925
2016-05-31,99.599998,100.400002,98.82,99.860001,42307200,-0.00488288001759607,97.19933316666668,0.26000299999999754
2016-06-01,99.019997,99.540001,98.330002,98.459999,29173300,-0.01401964736611605,96.91766633333332,-0.5599980000000073
2016-06-02,97.599998,97.839996,96.629997,97.720001,40191600,-0.007515722196990926,96.60399979999998,0.12000299999999697
2016-06-03,97.790001,98.269997,97.449997,97.919998,28062900,0.0020466332168787016,96.33566636666666,0.12999700000000303
2016-06-06,97.989998,101.889999,97.550003,98.629997,23292500,0.007250806929142151,96.10066626666665,0.6399990000000031
2016-06-07,99.25,99.870003,98.959999,99.029999,22409500,0.004055581589442747,95.8989995,-0.22000099999999634
2016-06-08,99.019997,99.559998,98.68,98.940002,20848100,-0.0009087852257778639,95.7186663,-0.07999499999999671
2016-06-09,98.5,99.989998,98.459999,99.650002,26601400,0.007176066157750682,95.77966636666666,1.1500020000000006
2016-06-10,98.529999,99.349998,98.480003,98.830002,31712900,-0.008228800637655853,95.9129997,0.3000029999999896
2016-06-13,98.690002,99.120003,97.099998,97.339996,38020500,-0.01507645421276016,96.03299963333333,-1.3500060000000076
2016-06-14,97.32,98.480003,96.75,97.459999,31931900,0.0012328231449689753,96.16033296666666,0.1399990000000031
2016-06-15,97.82,98.410004,97.029999,97.139999,29445200,-0.0032833983509480413,96.22566626666666,-0.6800009999999901
2016-06-16,96.449997,97.75,96.07,97.550003,31326800,0.004220753595025162,96.3376663,1.1000060000000076
2016-06-17,96.620003,96.650002,95.300003,95.330002,61008200,-0.022757569776804765,96.4073331,-1.2900010000000037
2016-06-20,96.0,96.57,95.029999,95.099998,34411900,-0.002412713680631118,96.48666633333332,-0.9000020000000006
2016-06-21,94.940002,96.349998,94.68,95.910004,35546400,0.008517413428336784,96.59066643333334,0.9700019999999938
2016-06-22,96.25,96.889999,95.349998,95.550003,29219100,-0.003753529193888827,96.6616666,-0.6999969999999962
2016-06-23,95.940002,96.290001,95.25,96.099998,32240200,0.005756096103942454,96.78133313333335,0.15999599999999248
2016-06-24,92.910004,94.660004,92.650002,93.400002,75311400,-0.02809569257223088,96.88333333333334,0.48999799999999993
2016-06-27,93.0,93.050003,91.5,92.040001,45489600,-0.014561038232097645,96.93400013333333,-0.9599989999999963
2016-06-28,92.900002,93.660004,92.139999,93.589996,40444900,0.016840449621464026,96.92433343333333,0.6899939999999987
2016-06-29,93.970001,94.550003,93.629997,94.400002,36531000,0.008654835288164797,96.95466689999999,0.4300010000000043
2016-06-30,94.440002,95.769997,94.300003,95.599998,35836400,0.012711821764580078,96.98933356666666,1.1599959999999925
2016-07-01,95.489998,96.470001,95.330002,95.889999,26026500,0.0030334833270604378,97.04566696666666,0.40000100000000316
2016-07-05,95.389999,95.400002,94.459999,94.989998,27705200,-0.009385765036873162,97.0380002,-0.40000100000000316
2016-07-06,94.599998,95.660004,94.370003,95.529999,30949100,0.005684819574372391,97.00800016666666,0.9300010000000043
2016-07-07,95.699997,96.5,95.620003,95.940002,25139600,0.004291876942236872,96.94266683333333,0.24000500000001068
2016-07-08,96.489998,96.889999,96.050003,96.68,28912100,0.00771313304746446,96.84466673333333,0.1900020000000069
2016-07-11,96.75,97.650002,96.730003,96.980003,23794900,0.003103051303268378,96.73033336666667,0.2300029999999964
2016-07-12,97.169998,97.699997,97.120003,97.419998,24167500,0.004536966244474305,96.6326667,0.25
2016-07-13,97.410004,97.669998,96.839996,96.870003,25892200,-0.005645606767514133,96.5330001,-0.5400010000000037
2016-07-14,97.389999,98.989998,97.32,98.790001,38919000,0.019820356565902086,96.54400016666665,1.4000020000000006
2016-07-15,98.919998,99.300003,98.5,98.779999,30137000,-0.00010124506426512081,96.57933343333335,-0.1399990000000031
2016-07-18,98.699997,100.129997,98.599998,99.830002,36493900,0.010629712600017216,96.64300023333332,1.130004999999997
2016-07-19,99.559998,100.0,99.339996,99.870003,23779900,0.00040069116697005747,96.68433376666665,0.31000500000000386
2016-07-20,100.0,100.459999,99.739998,99.959999,26276000,0.0009011314438429618,96.71533376666666,-0.04000100000000373
2016-07-21,99.830002,101.0,99.129997,99.43,32702000,-0.005302110897379975,96.73166703333332,-0.4000019999999864
2016-07-22,99.260002,99.300003,98.309998,98.660004,28313700,-0.0077441013778538625,96.6986671,-0.5999979999999994
2016-07-25,98.25,98.839996,96.919998,97.339996,40382900,-0.013379362928061522,96.64900023333333,-0.9100040000000007
2016-07-26,96.82,97.970001,96.419998,96.669998,56239800,-0.006883069935609942,96.62666696666666,-0.15000199999998642
2016-07-27,104.269997,104.349998,102.75,102.949997,92344800,0.06496326812792508,96.80966689999998,-1.3200000000000074
2016-07-28,102.830002,104.449997,102.82,104.339996,39869800,0.01350169053428929,97.0496668,1.509994000000006
2016-07-29,104.190002,104.550003,103.68,104.209999,27733700,-0.001245898073448326,97.27166666666668,0.019996999999989384
2016-08-01,104.410004,106.150002,104.410004,106.050003,38167900,0.017656693385056155,97.62900003333333,1.639999000000003
2016-08-02,106.050003,106.07,104.0,104.480003,33816600,-0.014804337157821701,97.94166686666668,-1.5700000000000074
2016-08-03,104.809998,105.839996,104.769997,105.790001,30202600,0.012538265336764942,98.2710001,0.9800030000000106
2016-08-04,105.580002,106.0,105.279999,105.870003,27408700,0.0007562340414382085,98.6150001,0.29000100000000373
2016-08-05,106.269997,107.650002,106.18,107.480003,40553400,0.015207329313100981,98.99433359999999,1.2100059999999928
2016-08-08,107.519997,108.370003,107.160004,108.370003,28037200,0.008280610114981046,99.49333363333334,0.8500059999999934
2016-08-09,108.230003,108.940002,108.010002,108.809998,26315200,0.004060118001473212,100.05233353333333,0.5799949999999967
2016-08-10,108.709999,108.900002,107.760002,108.0,24008500,-0.007444150490656165,100.53266699999999,-0.7099989999999963
2016-08-11,108.519997,108.93,107.849998,107.93,27484500,-0.0006481481481480644,100.98366693333334,-0.5899969999999968
2016-08-12,107.779999,108.440002,107.779999,108.18,18660400,0.002316316130825502,101.40300033333332,0.40000100000000316
2016-08-15,108.139999,109.540001,108.080002,109.480003,25868200,0.012017036420780114,101.85600046666667,1.3400039999999933
2016-08-16,109.629997,110.230003,109.209999,109.379997,33794400,-0.0009134636212970726,102.3356671,-0.25
2016-08-17,109.099998,109.370003,108.339996,109.220001,25356000,-0.0014627537428073545,102.79200050000001,0.12000299999999697
2016-08-18,109.230003,109.599998,109.019997,109.080002,21984700,-0.0012818073495531879,103.23000049999999,-0.15000100000000316
2016-08-19,108.769997,109.690002,108.360001,109.360001,25368100,0.002566914144354282,103.6526672,0.5900039999999933
2016-08-22,108.860001,109.099998,107.849998,108.510002,25820200,-0.007772485298349618,104.03700049999999,-0.34999899999999684
2016-08-23,108.589996,109.32,108.529999,108.849998,21257700,0.003133314844100621,104.4180005,0.26000200000000007
2016-08-24,108.57,108.75,107.68,108.029999,23675100,-0.007533293661613039,104.79000036666666,-0.5400009999999895
2016-08-25,107.389999,107.879997,106.68,107.57,25086200,-0.004258067242970287,105.08266699999999,0.18000099999999009
2016-08-26,107.410004,107.949997,106.309998,106.940002,27766300,-0.005856632890210878,105.35466709999999,-0.4700019999999938
2016-08-29,106.620003,107.440002,106.290001,106.82,24970300,-0.001122143236915396,105.58766703333332,0.1999969999999962
2016-08-30,105.800003,106.5,105.5,106.0,24863900,-0.007676465081445372,105.79200026666666,0.1999969999999962
2016-08-31,105.660004,106.57,105.639999,106.099998,29662400,0.0009433773584905936,105.99666690000001,0.43999399999999866
2016-09-01,106.139999,106.800003,105.620003,106.730003,26701500,0.0059378417707416364,106.24000033333331,0.5900039999999933
2016-09-02,107.699997,108.0,106.82,107.730003,26802500,0.009369436633483552,106.54233363333333,0.0300060000000002
2016-09-06,107.900002,108.300003,107.510002,107.699997,26880400,-0.000278529649720749,106.887667,-0.20000500000000443
2016-09-07,107.830002,108.760002,107.07,108.360001,42364300,0.006128171015640893,107.27733376666667,0.5299990000000037
2016-09-08,107.25,107.269997,105.239998,105.519997,53002000,-0.026208969857798303,107.36300043333333,-1.7300029999999964
2016-09-09,104.639999,105.720001,103.129997,103.129997,46557000,-0.02264973529140646,107.32266713333334,-1.510002
2016-09-12,102.650002,105.720001,102.529999,105.440002,45292800,0.02239896312612144,107.36366723333332,2.7900000000000063
2016-09-13,107.510002,108.790001,107.239998,107.949997,62176200,0.023804959715383767,107.42700036666666,0.43999499999999614
2016-09-14,108.730003,113.029999,108.599998,111.769997,110888700,0.035386754109868246,107.67000016666665,3.039994000000007
2016-09-15,113.860001,115.730003,113.489998,115.57,89983600,0.033998417303348294,107.99600013333334,1.7099989999999963
2016-09-16,115.120003,116.129997,114.040001,114.919998,79886900,-0.005624314268408592,108.29766663333334,-0.20000499999999022
2016-09-19,115.190002,116.18,113.25,113.580002,47023000,-0.01166025081204769,108.50099993333333,-1.6100000000000136
2016-09-20,113.050003,114.120003,112.510002,113.57,34514300,-8.806127684346521e-05,108.67433316666666,0.5199969999999894
2016-09-21,113.849998,113.989998,112.440002,113.550003,36003200,-0.0001760764286342642,108.83233333333332,-0.29999499999999557
2016-09-22,114.349998,114.940002,114.0,114.620003,31074000,0.009423161353857346,109.05300009999999,0.2700049999999976
2016-09-23,114.419998,114.790001,111.550003,112.709999,52481200,-0.016663792968143576,109.2123334,-1.7099990000000105
2016-09-26,111.639999,113.389999,111.550003,112.879997,29869400,0.001508277894670229,109.36899996666668,1.239998
2016-09-27,113.0,113.18,112.339996,113.089996,24607400,0.0018603738977773787,109.48933306666666,0.0899959999999993
2016-09-28,113.690002,114.639999,113.43,113.949997,29641100,0.007604571849131547,109.6416664,0.2599949999999893
2016-09-29,113.160004,113.800003,111.800003,112.18,35887000,-0.01553310264676877,109.74033303333333,-0.9800039999999939
2016-09-30,112.459999,113.370003,111.800003,113.050003,36379100,0.007755419860937751,109.87266640000001,0.5900040000000075
2016-10-03,112.709999,113.050003,112.279999,112.519997,21701800,-0.0046882440153496185,109.9779996,-0.19000199999999268
2016-10-04,113.059998,114.309998,112.629997,113.0,29736800,0.004265935058636705,110.12766620000001,-0.05999799999999311
2016-10-05,113.400002,113.660004,112.690002,113.050003,21453100,0.00044250442477888896,110.26766636666666,-0.34999899999999684
2016-10-06,113.699997,114.339996,113.129997,113.889999,28779300,0.007430304977523949,110.4629997,0.1900020000000069
2016-10-07,114.309998,114.559998,113.510002,114.059998,24358400,0.0014926595969149137,110.67933296666666,-0.25
2016-10-10,115.019997,116.75,114.720001,116.050003,36236000,0.017447001884043578,110.98299966666667,1.0300060000000002
2016-10-11,117.699997,118.690002,116.199997,116.300003,64041000,0.0021542438047157386,111.29899976666667,-1.3999939999999924
2016-10-12,117.349998,117.980003,116.75,117.339996,37586800,0.008942329949896966,111.67699963333332,-0.010002000000000066
2016-10-13,116.790001,117.440002,115.720001,116.980003,35192400,-0.0030679479484557737,112.03966646666666,0.19000199999999268
2016-10-14,117.879997,118.169998,117.129997,117.629997,35652200,0.005556453952219487,112.4029996,-0.25
2016-10-17,117.330002,117.839996,116.779999,117.550003,23624900,-0.0006800476242466713,112.73033293333333,0.22000100000001055
2016-10-18,118.18,118.209999,117.449997,117.470001,24553500,-0.0006805784598746811,113.05599973333332,-0.7099990000000105
2016-10-19,117.25,117.760002,113.800003,117.120003,20034600,-0.002979467072618869,113.3479998,-0.12999700000000303
2016-10-20,116.860001,117.379997,116.330002,117.059998,24125800,-0.0005123377601006229,113.73266650000001,0.1999969999999962
2016-10-21,116.809998,116.910004,116.279999,116.599998,23192700,-0.003929608814789098,114.18166653333333,-0.20999999999999375
2016-10-24,117.099998,117.739998,117.0,117.650002,23538700,0.009005180257378731,114.58866653333334,0.5500040000000013
2016-10-25,117.949997,118.360001,117.309998,118.25,48129000,0.005099855416917043,114.93199996666667,0.3000030000000038
2016-10-26,114.309998,115.699997,113.309998,115.589996,66134200,-0.022494748414376375,115.05933326666667,1.2799980000000062
2016-10-27,115.389999,115.860001,114.099998,114.480003,34562000,-0.009602846599285342,115.02300003333333,-0.9099960000000067
2016-10-28,113.870003,115.209999,113.449997,113.720001,37861700,-0.0066387314822135,114.98300013333333,-0.15000200000000063
2016-10-31,113.650002,114.230003,113.199997,113.540001,26419400,-0.0015828350194966312,114.98166676666666,-0.1100009999999969
2016-11-01,113.459999,113.769997,110.529999,111.489998,43825800,-0.01805533716703067,114.91233336666666,-1.9700009999999963
2016-11-02,111.400002,112.349998,111.230003,111.589996,28331700,0.0008969235069857806,114.8469998,0.18999399999999866
2016-11-03,110.980003,111.459999,109.550003,109.830002,26932600,-0.015771969379764217,114.68733309999999,-1.1500010000000032
2016-11-04,108.529999,110.25,108.110001,108.839996,30837000,-0.009013985085787324,114.55833299999999,0.30999699999999564
2016-11-07,110.080002,110.510002,109.459999,110.410004,32560000,0.014424917839945595,114.47599989999999,0.33000200000000746
2016-11-08,110.309998,111.720001,109.699997,111.059998,24054500,0.005887093347084704,114.40833330000001,0.75
2016-11-09,109.879997,111.32,108.050003,110.879997,59176400,-0.001620754576278527,114.30599996666666,1.0
2016-11-10,111.089996,111.089996,105.830002,107.790001,57134500,-0.027867930046931777,114.15966666666667,-3.2999949999999956
2016-11-11,107.120003,108.870003,106.550003,108.43,34143900,0.005937461676060352,114.00566656666666,1.3099970000000098
2016-11-14,107.709999,107.809998,104.080002,105.709999,51175500,-0.025085317716499245,113.77866663333333,-2.0
2016-11-15,106.57,107.68,106.160004,107.110001,32264500,0.013243799198219719,113.58233333333332,0.5400010000000037
2016-11-16,106.699997,110.230003,106.599998,109.989998,58840500,0.02688821746906722,113.48033316666667,3.2900010000000037
2016-11-17,109.809998,110.349998,108.830002,109.949997,27632000,-0.0003636785228416928,113.34899976666667,0.1399990000000031
2016-11-18,109.720001,110.540001,109.660004,110.059998,28428900,0.0010004638745009231,113.21566643333333,0.3399969999999968
2016-11-21,110.120003,111.989998,110.010002,111.730003,29264600,0.015173587410023393,113.07166643333333,1.6099999999999994
2016-11-22,111.949997,112.419998,111.400002,111.800003,25965500,0.0006265103205984612,112.92166643333333,-0.1499939999999924
2016-11-23,111.360001,111.510002,110.330002,111.230003,27426400,-0.005098389845302642,112.718,-0.1299980000000005
2016-11-25,111.129997,111.870003,110.949997,111.790001,11475900,0.005034594847579177,112.54499993333334,0.6600040000000007
2016-11-28,111.43,112.470001,111.389999,111.57,27194000,-0.0019679845964042375,112.34300003333333,0.13999999999998636
2016-11-29,110.779999,112.029999,110.07,111.459999,28528800,-0.0009859370798601663,112.1399999,0.6799999999999926
2016-11-30,111.599998,112.199997,110.269997,110.519997,36162300,-0.008433536770442562,111.9083331,-1.0800009999999958
2016-12-01,110.370003,110.940002,109.029999,109.489998,37086900,-0.009319571371323887,111.65399959999999,-0.880004999999997
2016-12-02,109.169998,110.089996,108.849998,109.900002,26528000,0.0037446708145889573,111.41533306666665,0.7300039999999939
2016-12-05,110.0,110.029999,108.25,109.110001,34324500,-0.007188362016590344,111.1656665,-0.8899990000000031
2016-12-06,109.5,110.360001,109.190002,109.949997,26195500,0.007698616004961911,110.90899966666666,0.4499969999999962
2016-12-07,109.260002,111.190002,109.160004,111.029999,29998700,0.009822665115670759,110.66833296666665,1.7699970000000036
2016-12-08,110.860001,112.43,110.599998,112.120003,27068300,0.009817202646286605,110.55266653333334,1.260002
2016-12-09,112.309998,114.699997,112.309998,113.949997,34402600,0.01632174412267906,110.53499966666666,1.639999000000003
2016-12-12,113.290001,115.0,112.489998,113.300003,26374400,-0.005704203748245762,110.52099973333333,0.010002000000000066
2016-12-13,113.839996,115.919998,113.75,115.190002,43733800,0.016681367607730868,110.57599976666667,1.3500060000000076
2016-12-14,115.040001,116.199997,114.980003,115.190002,34031800,0.0,110.69933323333333,0.15000100000000316
2016-12-15,115.379997,116.730003,115.230003,115.82,46524500,0.005469207301515455,110.84033336666667,0.44000299999999015
2016-12-16,116.470001,116.5,115.650002,115.970001,44351100,0.0012951217406320659,111.045,-0.5
2016-12-19,115.800003,117.379997,115.75,116.639999,27779400,0.005777338917156705,111.30500009999999,0.8399959999999993
2016-12-20,116.739998,117.5,116.68,116.949997,21425000,0.002657733218944802,111.52299986666667,0.20999899999999627
2016-12-21,116.800003,117.400002,116.779999,117.059998,23783200,0.0009405814691898495,111.72299986666667,0.2599949999999893
2016-12-22,116.349998,116.510002,115.639999,116.290001,26085900,-0.006577797822959086,111.90333333333334,-0.05999699999999564
2016-12-23,115.589996,116.519997,115.589996,116.519997,14249500,0.0019777796717019847,112.1943332,0.9300010000000043
2016-12-27,116.519997,117.800003,116.489998,117.260002,18296900,0.006350884131931522,112.48866659999999,0.7400049999999965
2016-12-28,117.519997,118.019997,116.199997,116.760002,20905900,-0.004264028581544843,112.85700003333334,-0.7599950000000035
2016-12-29,116.449997,117.110001,116.400002,116.730003,15039500,-0.0002569287383191732,113.17766676666666,0.2800060000000002
2016-12-30,116.650002,117.199997,115.43,115.82,30586300,-0.0077957935116304,113.37200016666667,-0.8300020000000075
2017-01-03,115.800003,116.330002,114.760002,116.150002,28781900,0.002849266102572967,113.578667,0.34999899999999684
2017-01-04,115.849998,116.510002,115.75,116.019997,21118100,-0.0011192853875283681,113.77733363333331,0.16999900000000423
2017-01-05,115.919998,116.860001,115.809998,116.610001,22193600,0.00508536472380694,113.94000023333334,0.6900029999999902
2017-01-06,116.779999,118.160004,116.470001,117.910004,31751900,0.011148297649015593,114.14366693333334,1.130004999999997
2017-01-09,117.949997,119.43,117.940002,118.989998,33387600,0.009159477256908577,114.40233343333334,1.0400010000000037
2017-01-10,118.769997,119.379997,118.300003,119.110001,24462100,0.0010085133373982647,114.64633343333334,0.3400039999999933
2017-01-11,118.739998,119.93,118.599998,119.75,27588600,0.005373176010635694,114.9190001,1.010002
2017-01-12,118.900002,119.300003,118.209999,119.25,27086200,-0.0041753653444676075,115.1786668,0.34999799999999937
2017-01-13,119.110001,119.620003,118.809998,119.040001,26111900,-0.0017609979035638768,115.46266693333334,-0.06999999999999318
2017-01-17,118.339996,120.239998,118.220001,120.0,34439800,0.008064507660748399,115.81300033333333,1.6600040000000007
2017-01-18,120.0,120.5,119.709999,119.989998,23713000,-8.335000000003756e-05,116.14933353333332,-0.010002000000000066
2017-01-19,119.400002,120.089996,119.370003,119.779999,25597300,-0.0017501375406306918,116.50500013333333,0.379997000000003
2017-01-20,120.449997,120.449997,119.730003,120.0,32597900,0.0018367089817723503,116.84000023333333,-0.4499969999999962
2017-01-23,120.0,120.809998,119.769997,120.080002,22050200,0.0006666833333333066,117.14166700000001,0.08000199999999325
2017-01-24,119.550003,120.099998,119.5,119.970001,23211000,-0.0009160642752154002,117.40333360000001,0.41999799999999254
2017-01-25,120.419998,122.099998,120.279999,121.879997,32377600,0.01592061335400019,117.66766693333334,1.4599989999999963
2017-01-26,121.669998,122.440002,121.599998,121.940002,26337600,0.0004923285319740067,117.95566690000001,0.27000400000000013
2017-01-27,122.139999,122.349998,121.599998,121.949997,20562900,8.196653957726063e-05,118.18100006666667,-0.1900020000000069
2017-01-30,120.93,121.629997,120.660004,121.629997,30377500,-0.0026240263048140644,118.39566656666668,0.6999969999999962
2017-01-31,121.150002,121.389999,120.620003,121.349998,49201000,-0.0023020554707404717,118.57999983333333,0.19999599999999873
2017-02-01,127.029999,130.490005,127.010002,128.75,111985000,0.06098065201451419,119.00599979999998,1.7200009999999963
2017-02-02,127.980003,129.389999,127.779999,128.529999,33710400,-0.0017087456310679316,119.40233313333333,0.5499960000000073
2017-02-03,128.309998,129.190002,128.160004,129.080002,24507300,0.004279179991279802,119.80666663333334,0.7700040000000001
2017-02-06,129.130005,130.5,128.899994,130.289993,26845900,0.009373961738860181,120.24766646666667,1.1599879999999985
2017-02-07,130.539993,132.089996,130.449997,131.529999,38183800,0.00951727735529162,120.75566640000001,0.990005999999994
2017-02-08,131.350006,132.220001,131.220001,132.039993,23004100,0.003877396821085677,121.2729996,0.6899870000000021
2017-02-09,131.649994,132.449997,131.119995,132.419998,28349900,0.0028779538029812812,121.77833280000002,0.7700040000000001
2017-02-10,132.460007,132.940002,132.050003,132.119995,20065500,-0.0022655414932116757,122.29033256666665,-0.34001200000000154
2017-02-13,133.080002,133.820007,132.75,133.289993,23035400,0.00885557102844281,122.84233223333334,0.20999100000000226
2017-02-14,133.470001,135.089996,133.25,135.020004,32815500,0.012979301454385972,123.48233236666667,1.5500030000000038
2017-02-15,135.520004,136.270004,134.619995,135.509995,35501600,0.0036290252220700925,124.12766546666667,-0.010008999999996604
2017-02-16,135.669998,135.899994,134.839996,135.350006,22118000,-0.0011806435385079972,124.7719991,-0.31999199999998496
